track_id,key,explanation
10,F# major,"The chord sequence is dominated by F# major and B major, which act as the tonic (I) and subdominant (IV) chords respectively. The presence of C# major (V) and Ab minor (functioning as the ii chord, G# minor) further confirms F# major as the home key."
141,Bb major,"The chord progression is heavily centered around Bb major, which is the most frequent and longest-lasting chord in the sequence. The other prominent chords, including F major (V), G minor (vi), Eb major (IV), D minor (iii), and C minor (ii), are all diatonic to the Bb major scale, confirming Bb major as the primary key."
153,C major,"The song is dominated by an alternation between C major and C# (Db) major, which represents a tonic to flat-II (Neapolitan) progression in C major. This tonal center is further supported by the subsequent chords—A major (VI), F major (IV), and Ab major (bVI)—which are common chromatic and modal mixture chords in the key of C."
173,B major,"The chord sequence features E major, B major, and F# major, along with Ab major. The Ab major chord is likely a mistranscription of G# minor, which completes a standard IV - I - V - vi progression in the key of B major."
181,B major,"The chord progression heavily features the tonic B major, along with its diatonic chords such as E major (IV), F# major (V), Eb minor/D# minor (iii), and Ab minor/G# minor (vi). The sequence also includes a C# major secondary dominant and a concluding double plagal cadence (A to E to B) that resolves strongly back to the B major tonic."
184,Bb major,"The chord sequence starts with a repeating Bb - F - Fm7 - Eb/G progression, which represents a highly stable I - V - v - IV progression in Bb major. This tonic is further confirmed at the end of the sequence, which prominently features Bb major and F minor chords."
213,D major,"The chord sequence consists entirely of D major, G major, and B minor. D major is the most prominent chord by duration, suggesting it acts as the tonic (I), with G major acting as the subdominant (IV) and B minor as the submediant (vi)."
251,A major,"The chord progression is dominated by A major, with short transitions to D major (the IV chord) and E major (the V chord). This establishes a clear I-IV-V progression in the key of A major."
331,A major,"The chord progression is heavily centered on A, with A major and A7 occupying the vast majority of the track's duration. The presence of G major, D major, and E minor chords suggests an A Mixolydian framework, which resolves to an A major tonal center."
347,A minor,"The chord sequence is heavily dominated by A minor chords (including A minor 7), which make up the vast majority of the track's duration. The only other chord present is E minor, which acts as the minor v chord, strongly confirming A minor as the tonal center."
384,Ab major,"The song is overwhelmingly dominated by the Ab major chord, which plays for over 57 seconds of the 60-second clip. The brief transition to Eb major represents a V-I dominant-to-tonic progression, strongly confirming the key of Ab major."
411,G major,"The chord sequence is heavily dominated by G major, which plays for 38 seconds of the 60-second clip. The preceding F major and E minor chords support G major as the tonic, suggesting a progression like bVII - vi - I in G Mixolydian or G major."
532,Eb minor,"The chord progression is dominated by Eb minor, Db major (VII), and Ab major/sus4 (IV, suggesting Eb Dorian), which together strongly indicate a key of Eb minor."
533,C minor,"The chord sequence is dominated by F minor, C minor, and G minor chords. These function as the iv, i, and v chords in the key of C minor, establishing a clear i-iv-v progression that strongly defines the tonal center as C minor."
534,Eb minor,"The sequence is dominated by Ab minor and Bb major chords. In the key of Eb minor, these function as the subdominant (iv) and dominant (V) chords respectively, forming a classic harmonic progression that strongly implies Eb minor as the tonic."
535,Bb major,"The chord sequence ends with F major followed by Bb major. This transition represents a strong V-I dominant-to-tonic progression, which strongly suggests the key is Bb major."
536,E major,"The only identifiable chord in the entire sequence is E major, which is played for a brief duration. With no other harmonic information available, E major is the most logical choice for the key of the song."
538,Eb minor,"The sequence consists of Ab major, Bb major, and B major chords. In the key of Eb minor, these chords can be analyzed as the IV (Dorian Ab major), V (dominant Bb major), and bVI (B major, enharmonically Cb major) chords, which strongly suggests Eb minor as the tonic."
540,Ab major,"The song begins with a brief section in C major but quickly transitions to a sequence of Db, Gb, Ab, Bb minor, and Eb major. The dominant presence of Ab major, Bb minor, and Eb major represents a strong I - ii - V progression in Ab major, which suggests this is the primary key of the song."
542,C major,"Because the chord sequence consists entirely of 'N' for the entire duration, no harmonic information is available to determine the key. In the absence of any musical data, C major is selected as a default standard."
546,Ab major,"The chord progression is heavily dominated by Ab major, which has the longest duration. The other chords present, C# major (enharmonically Db major, the IV chord) and Bb minor (the ii chord), are both diatonic to Ab major, establishing it as the tonic."
547,C major,"The song is heavily anchored by C major, which serves as the dominant tonal center for the first 25 seconds of the track. The appearance of F major (the IV chord) and G major (the V chord) supports this, while the prominent Ab major chord acts as a borrowed bVI chord from the parallel minor key."
549,D major,"The chord sequence is dominated by D major (including D:maj and D:maj/3) which bookends the active harmonic section. The presence of G:maj/b7 (G7) and a chord detected as F:min (likely a mistranscription of F# minor, the iii chord in D major) further supports D major as the tonic."
564,C major,"The chord progression is dominated by C major, which is played for over 45 seconds of the 60-second clip. Although there is a brief transition to C minor for about 12 seconds, the overwhelming presence of the C major chord strongly establishes C major as the tonal center."
565,A major,The song is dominated by a repeated alternation between E major and A major chords. The introduction of a D major chord towards the end establishes a clear IV - V - I progression (D - E - A) in the key of A major.
566,C major,"The song is heavily centered around C, frequently alternating between C major and its subdominant F major (often appearing as F:maj/5 over a C bass pedal). Although there is some modal mixture with parallel minor chords like C minor, C major is the dominant tonal center and quality."
567,Bb major,"The chord progression is heavily dominated by Bb major, which is played for the vast majority of the track, interspersed with very brief movements to Eb major. Eb major acts as the subdominant (IV) chord, confirming Bb major as the tonic."
569,F# major,"The song is heavily dominated by the F# major chord, which lasts for over 50 seconds of the 60-second clip. The presence of E major and B major chords suggests a bVII - IV - I progression in the key of F# major (Mixolydian mode)."
570,A major,"The chord sequence is heavily dominated by A major, which plays for over 30 seconds of the track, interspersed with brief movements to D major. This suggests a simple I - IV progression in the key of A major."
571,F# major,"The chord sequence is heavily dominated by F# major, which is active for over 80% of the song's duration. The occasional brief appearances of F major, Ab major, and A major function as chromatic passing chords or represent minor detection errors around a clear F# major tonal center."
572,E major,"The song is heavily dominated by E major, which has the longest cumulative duration and serves as the harmonic center. The repeating progression of E major, D major, and A major represents a classic I - bVII - IV progression in E major (with a Mixolydian inflection), confirming E as the tonic."
573,G minor,"The chord sequence is heavily dominated by a persistent alternation between G minor and Eb major, which represents a i - VI progression in the key of G minor. This tonal center is further supported by the presence of Bb major (the relative major, III) and D major (the dominant, V)."
574,Ab major,"The song is heavily dominated by the Ab major chord, which takes up more than half of the total duration. The chord sequence features a repeating progression of Ab major, B major, and A major, which functions as a I - bIII - bII modal progression resolving back to the Ab major tonic."
579,E major,"The chord progression alternates strictly between E major and A major throughout the entire clip. This corresponds to a I-IV progression in E major (or V-I in A major), with E major acting as the tonal center."
580,A minor,"The song is anchored by a very long A minor chord (14.2s) at the beginning, establishing it as the tonic. The subsequent progression features a recurring C - G - A pattern, along with a prominent E major chord that acts as the dominant (V) in the key of A minor."
608,D major,"The chord sequence is heavily dominated by the D major chord, which is sustained for over 40 seconds of the 60-second excerpt, indicating D major as the primary tonal center despite a brief appearance of D minor."
610,G minor,"The song prominently features the chords Bb major, G minor, Eb major, and D major. The repetitive transition between Eb major (VI) and D major (V), along with the resolving G minor (i) and C minor (iv) chords, strongly establishes G minor as the tonic, with Bb major serving as its relative major."
611,C major,"The chord progression is heavily dominated by C major, which makes up the majority of the song's duration. The presence of G major (the dominant V) and A minor (the relative minor vi) further establishes C major as the tonic."
612,G major,"The chord sequence is heavily dominated by G major, which plays for the majority of the song's duration. The only other chord present is its relative minor, E minor, which reinforces G major as the central tonic of the track."
625,C major,"The chord progression is dominated by alternating C major and F major chords, which function as the tonic (I) and subdominant (IV) in C major. The presence of other diatonic chords like D minor (ii) and A minor (vi) further supports C major as the home key."
634,A minor,"The chord sequence consists almost entirely of alternating E major (and E7) and A minor chords. These act as the dominant (V) and tonic (i) chords, respectively, which strongly establishes the key of A minor."
670,C# minor,"The chord progression prominently features a repeating VI - VII - i sequence (A:maj7 - B:7 - C#:min7) in C# minor. The tonic C# minor chord acts as the central resolution point throughout the sequence, with Eb:7 occasionally appearing as a secondary dominant (D#7 or V/V)."
671,C# minor,"The chord sequence strongly revolves around C# minor, frequently resolving to C#min or C#min7. It utilizes a common i - VI - VII progression with the chords C#m, A major, and B major (or B7), which clearly defines C# minor as the tonal center."
678,C# minor,"The song features a dominant repeating progression of Ab:min7 (G#min7), C#:min7, and A:maj7, which function as the v, i, and bVI chords in C# natural minor. Additionally, the transition from Ab:sus4(b7) (G#7sus4) to C#:min earlier in the sequence acts as a V-i cadence, confirming C# minor as the tonal center."
679,C# minor,"The song is dominated by a repeating harmonic loop consisting of C# minor (C#:min/C#:min7), G# minor (Ab:min7), and A major (A:maj7) chords. This progression is highly characteristic of the C# natural minor scale, establishing C# minor as the clear tonic key."
692,C minor,"The song features a prominent neoclassical-style progression towards the end with F:maj, G:maj/3 (G/B), C:min, Ab:maj, and G:maj. This corresponds to a iv - V6 - i - bVI - V progression in C minor, strongly establishing it as the tonic key."
705,D major,"The chord progression prominently features a repeating loop of E:min - B:min - A:maj - D:maj, which corresponds to a ii - vi - V - I progression in D major. The frequent resolution to D:maj strongly establishes D major as the tonic key."
706,F minor,"The chord progression is centered heavily around F minor, which is the most frequent and longest-held chord in the sequence. It is strongly supported by other chords in the key of F minor, including Ab major (III), Bb major (IV), C minor/major (v/V), and Eb major (VII)."
708,G major,"The chord sequence is overwhelmingly dominated by G major, which functions as the tonic, alongside frequent movement to C major (the subdominant IV) and an early appearance of D major (the dominant V)."
805,B major,"The song is dominated by alternating sections of B major and C major chords. This relationship of a major tonic chord (B major) and a flat-II major chord (C major) is characteristic of the B Phrygian dominant mode, indicating B major as the key."
814,C# minor,"The chord sequence is centered around C# minor, frequently using the i - bVII - IV progression (C#m - B - F#) which gives it a Dorian feel. This tonality is further supported by the bVI - V (A - Ab) progression resolving back to C#m, which is a classic cadential movement in C# minor."
1007,D minor,"The song is dominated by long durations of D major and D minor chords, indicating D is the tonic. The presence of Eb major, which acts as a Neapolitan (bII) chord, strongly points to a D minor key center."
1014,C major,"The chord sequence is heavily dominated by C major, which is sustained for over 44 seconds of the 60-second clip. Other chords present like F major (IV) and G major (V) further support C major as the tonal center."
1015,F major,"The chord sequence is heavily dominated by F major, which is active for more than 40 seconds of the 60-second excerpt. The presence of F minor, Ab major, and Eb major chords suggests modal mixture, which is common in popular music, but F major remains the primary tonal center."
1016,C# minor,"The chord sequence is overwhelmingly dominated by C# minor, which accounts for over 40 seconds of the track. The presence of its relative major, E major, further supports C# minor as the tonal center, while the brief occurrences of C# major likely represent minor-major variations or minor recognition errors."
1017,F major,"The song is in the key of F major. The progression frequently alternates between F major (I) and B major (likely a misdetected G7, which acts as the secondary dominant II7). Along with Bb major (IV) and C major (V), this forms a very common pop progression."
1042,G major,"The chord sequence is heavily dominated by G major, which is played for nearly 40 seconds, along with its dominant D major, which is played for over 15 seconds. This strong tonic-dominant relationship clearly establishes G major as the key."
1044,D major,"The chord sequence consists almost entirely of unrecognized sections (N), with the only detected chord being D major for 10.4 seconds. Given the lack of other harmonic information, D major is the most reasonable estimate for the key."
1045,C major,"The entire chord sequence consists of 'N' for 60.0 seconds, which indicates that no harmonic or tonal information was detected. Due to the complete lack of musical data, C major is chosen as a default key."
1046,C major,"The chord recognition model detected no chords over the entire 60-second duration, outputting only 'N'. In the absence of any harmonic information, C major is selected as a default placeholder key."
1049,C major,"The chord sequence is overwhelmingly dominated by C major, which is sustained for nearly 49 seconds. The presence of the F major chord acts as a subdominant, further reinforcing C as the tonal center."
1050,E minor,"The chord sequence consists almost entirely of an alternation between E minor and C major, with E minor being the highly dominant chord by duration (around 41 seconds total). This strongly establishes E minor as the tonic."
1073,G minor,"The chord progression contains G minor, G minor 7, Eb major (the flat VI), and its dominant D7, which are all characteristic of the G minor scale. The prolonged D7 chord at the end acts as a dominant tension in the key of G minor."
1076,B minor,"The chord sequence is overwhelmingly dominated by B minor, which is sustained for over 50 seconds. The brief appearance of F# minor acts as a minor v chord, supporting B minor as the key."
1083,C minor,"The song is overwhelmingly dominated by the C minor chord, which lasts for nearly 46 seconds of the 60-second excerpt, following a brief opening in C major. This strongly indicates a key of C minor."
1085,A minor,"The chord sequence consists of an alternation between A minor and D minor chords. This represents a i - iv progression in A minor, making A minor the most likely key."
1086,E major,"The song is dominated by an E major chord playing for almost the entire duration after an initial unidentified segment, making E major the clear and unambiguous key of the piece."
1088,A major,"The song features a repeating three-chord loop of E major, B minor, and A major. All of these chords are diatonic to the key of A major, where they function as the dominant (V), supertonic (ii), and tonic (I) chords, respectively."
1091,A minor,"The song is dominated by a repeating alternation between A minor and D major, which represents a i-IV progression in the A Dorian mode. This modal sound is centered around A, making A minor the most appropriate key classification, despite a brief shift to A major near the end."
1116,Eb major,"The song is centered around Eb major, frequently alternating with B major, which acts as a borrowed flat-VI chord (Cb major). The addition of C# major (flat-VII) further supports a tonal center of Eb, representing a common modal mixture progression in Eb major."
1133,G minor,"The chord progression is dominated by an alternation between Eb major and G minor chords, representing the VI and i chords in G minor. The appearance of a D major chord, which functions as the dominant (V) in G minor, strongly reinforces G minor as the overall key."
1156,E major,"The chord progression is heavily centered on E major, which acts as the tonic and has the longest cumulative duration. The song frequently alternates between E major and A major (I and IV), and features a classic descending rock progression of E - D - A - G (I - bVII - IV - bIII), indicating E major with modal/blues influences."
1157,B major,"The chord sequence is heavily dominated by B major, which is sustained for over 37 seconds of the 60-second clip. The presence of E major (the IV chord) and F# major (the V chord) further establishes B major as the tonic."
1159,G major,"The chord sequence is dominated by a continuous alternation between G major and C major (and C7) chords, suggesting a I - IV progression in the key of G major. The brief appearance of A major acts as a secondary dominant (V/V), which is a common chromatic chord in G major."
1160,C# major,"The song is built around a repeating loop of major chords: C# major, E major, Eb major, and D major. C# major acts as the harmonic home and starting point of this chromatic sequence, establishing C# as the tonic, with the major quality being dominant throughout most of the track."
1161,E minor,"The chord sequence is heavily dominated by E minor, which is present for over 45 seconds of the 60-second clip (approx. 76% of the duration). The brief occurrences of E major and Eb major do not overshadow the clear tonic center of E minor."
1162,E major,"The song is centered around E major, which has the longest duration and serves as the primary harmonic resolution. The progressions, such as E - C#m - F# - B - E (I - vi - V/V - V - I) and E - A - E - B - E (I - IV - I - V - I), strongly establish E major as the tonic."
1163,E minor,"The chord progression is dominated by E minor, D major, and C major, which represents a classic i - VII - VI progression in E natural minor (Aeolian). Additionally, the brief appearances of A major function as a major IV chord, suggesting a touch of the Dorian mode while maintaining E as the clear tonic center."
1165,C major,"The chord progression is centered around C major, which has the longest overall duration, including a prominent 13.2-second stretch. Other frequent chords like A minor, D minor, and F major are diatonic to C major, while Eb major acts as a common borrowed bIII chord from the parallel minor."
1167,Eb major,"The chord sequence consists entirely of an alternating progression between C minor (Cm7/Cm) and Eb major (Eb/Ebmaj7). These two chords are relative keys, and the prominent use of Eb major 7th chords suggests Eb major as the primary tonal center, with C minor acting as the relative submediant (vi) chord."
1168,A minor,"The song starts by establishing A minor through a repetitive alternation between A minor and C major (i - III). Although the A chord is later detected as A major, the persistent pairing with C major suggests a minor-pentatonic or blues-inflected progression centered around A."
1170,C major,"The song is overwhelmingly dominated by the C major chord, which plays for over 52 seconds of the 60-second clip. This strongly establishes C as the tonic, supported by a brief G major (dominant) chord at the very end."
1171,E minor,"The chord sequence heavily features C major and D major with long durations, which function as bVI and bVII in E minor, resolving to E. Additionally, we see a C to B transition (bVI - V) and a section in A minor (Am - Dm - F - E) which acts as a prolonged subdominant (iv) area resolving to the E dominant chord."
1172,A major,"The song strongly establishes A as its tonal center. While the beginning features A minor and D major chords (indicating an A Dorian feel), the majority of the track is dominated by A major, G major, and D major chords, which represents a common Mixolydian progression in the key of A major."
1173,D major,"The song is dominated by an alternating progression between D major and F# minor chords. D major is the most prominent chord by duration (including a long 9.1-second block), suggesting a I - iii progression in the key of D major."
1174,F# minor,"The song is dominated almost entirely by the F# minor chord, which plays for 59.6 seconds out of the 60-second clip, clearly establishing F# minor as the tonal center."
1175,D major,"The song is dominated by a D major chord which lasts for over 32 seconds, making up more than half of the track's duration. The subsequent transition to A minor suggests a D Mixolydian or A Dorian tonal center, but the sheer prominence of the D major chord makes D major the most appropriate key."
1177,C# minor,"The chord progression is heavily dominated by C# minor, which has the longest cumulative duration in the sequence. The other chords, E major and A major, are the relative major (III) and submediant (VI) in the key of C# minor, confirming this tonality."
1179,D major,"The chord progression relies entirely on D major, G major, and A major. These represent the tonic (I), subdominant (IV), and dominant (V) chords in the key of D major, strongly establishing it as the tonal center of the song."
1181,D major,"The song is dominated by D major (I) and G major (IV) chords, with A major (V) appearing towards the end. This strong I-IV-V harmonic structure strongly points to D major as the tonal center."
1182,E minor,"The chord sequence heavily features the progression G - A - Em (and occasionally E), which represents a bIII - IV - i progression in E minor (with the A major chord suggesting a Dorian flavor). The strong presence of G major and E minor chords establishes E minor as the primary tonal center."
1183,E major,"The chord sequence primarily consists of E major, A major, and B major, which correspond to the I, IV, and V chords in the key of E major. The heavy emphasis on the E major chord, particularly during the 23-second duration near the end, strongly establishes it as the tonic."
1186,A minor,"The chord sequence consists primarily of the progression A:min - D:min - F:maj - G:maj (and variations thereof, such as A:min - F:maj - G:maj - D:min). These chords function as the i, iv, VI, and VII degrees in A natural minor, with the A minor chord acting as the clear tonal center throughout the song."
1187,A minor,"The song is heavily centered around A minor, which has the longest duration in the sequence (nearly 29 seconds). The surrounding chords such as C major, D minor, E minor 7, and F major 7 are all diatonic to the A natural minor scale, confirming A minor as the tonic."
1189,F# minor,"The chord sequence is heavily dominated by F# minor, which is held for more than 37 seconds at the beginning and continues to alternate with its relative major, A major, for the remainder of the track. This strongly establishes F# minor as the tonic."
1190,E major,"The song is dominated by the E major chord, which plays for nearly 40 seconds at the beginning and serves as the resolution point for the descending chromatic chord progression (G - F# - F - E). Although it ends on an E minor chord, the prolonged presence of E major strongly establishes it as the home key."
1191,F major,"The chord sequence is overwhelmingly dominated by F major and F major 7 chords, which together span almost the entire duration of the track. The brief occurrence of a C major chord functions as the dominant (V) in the key of F, confirming F major as the tonic."
1192,C minor,"The chord progression heavily features C minor as the tonic, supported by its dominant G major (V) and submediant Ab major (VI) chords. The prolonged 25-second duration of the C minor chord towards the end strongly reinforces C minor as the home key."
1193,Ab major,"The chord progression is heavily centered around Ab major as the tonic (I) and Eb major as the dominant (V). The recurring C# minor chord (enharmonically Db minor) acts as a minor subdominant (iv), which is a common borrowed chord from the parallel minor key, leading back to the tonic Ab major in a minor plagal cadence."
1194,A minor,"The chord sequence is heavily dominated by a repeating alternation between A minor and E minor, which function as the i and v chords. The brief F major to G major progression at the start resolving to A minor also supports A minor as the key."
1198,D minor,"The chord progression is centered heavily around D, alternating between D minor and D major, with C major acting as a bVII transitional chord. Since D minor has the longest total duration in the sequence and is characteristic of the Aeolian/Dorian mode when paired with C major, D minor is the most fitting key."
1199,Eb minor,"The chord progression is dominated by Eb minor, which has the longest duration in the sequence. The surrounding chords—C# major, Bb minor, F# major, and Ab major—all fit naturally within the Eb minor scale (with Ab major suggesting an Eb Dorian mode), confirming Eb minor as the key."
1219,C major,"The chord sequence consists almost entirely of a C major chord playing for over 59 seconds, which clearly establishes C major as the tonic and key of the song."
1231,E major,"The chord sequence is heavily dominated by E major and E7 chords, which together span almost the entire duration of the clip. This persistent focus on E with a major quality strongly establishes E major as the key."
1232,F# major,"The chord sequence consists primarily of C# major, F# major, and B major. These represent the V, I, and IV chords in the key of F# major, which is a standard diatonic progression."
1235,F# major,"The chord sequence consists almost entirely of a single F# major chord sustained for 60 seconds, which strongly indicates that the song is in the key of F# major."
1275,C major,"The chord sequence contains only 'N' for the entire duration, meaning no specific chords could be identified. Due to the complete lack of harmonic data, C major has been chosen as a default placeholder key."
1277,Ab major,"The song is in Ab major, as established by the frequent resolution of the dominant chord (Eb7) to the tonic (Ab major). This tonal center is further supported by the secondary dominant progression (Bb7 to Eb7 to Ab) and the presence of the IV chord (Db7, written as C#7)."
1354,F# minor,"The song prominently features the chords F# (detected as both minor and major), D major, E major, and A major. This progression represents the i - bVI - bVII - bIII degrees in the key of F# minor, which is a very common sequence in modern music. The presence of F# major alongside F# minor is likely due to modal mixture or minor errors in the chord recognition process."
1381,A minor,"The chord progression is dominated by A minor, which regularly alternates with G major and C major in a i - VII - III progression. The presence of an early E major to A minor (V - i) cadence and the use of D minor as a subdominant (iv) strongly support A minor as the tonic."
1417,E major,"The chord sequence consists almost entirely of an E major chord sustained for nearly the entire 60-second duration, making E major the clear key of the song."
1418,A major,"The song is dominated by the A major chord, which has the longest duration and serves as the clear harmonic center. The progression features C major, G major, and D major chords, which are common bIII, bVII, and IV borrowed chords in an A major rock or blues-based context."
1419,E major,"The song consists of a continuous alternation between E major and D major chords, with E major acting as the tonal center. This I - bVII progression is characteristic of the E Mixolydian mode, indicating the key is E major."
1420,E major,"The song is heavily dominated by the E major chord, which constitutes the vast majority of the track's duration (almost 45 seconds). The brief subsequent progression of D major, C major, and B major represents a common descending stepwise sequence (bVII - bVI - V) that points back to E as the tonic."
1450,Bb major,"The only chord identified in the sequence is Bb major, which appears multiple times. Since there are no other chords to suggest a different tonal center, Bb major is the most logical key."
1451,A major,"The chord progression is heavily centered around A major, which has the longest duration in the sequence and also ends the excerpt. The presence of D major (IV), E major (V), and F# minor (vi) strongly establishes A major as the tonic, while the occasional C major chord acts as a borrowed flat-III chord from the parallel minor."
1474,B minor,"The chord progression prominently features B minor as the tonic chord, supported by typical diatonic chords in the key such as G major (VI), D major (III), and A major (VII), along with the dominant F# major (V). The frequent movement from G major to A major to B minor represents a classic natural minor cadence, confirming B minor as the tonal center."
1475,Eb major,"The chord sequence consistently revolves around Eb major, which acts as the tonic (I). The progression frequently uses the primary diatonic chords in this key, such as Bb major (V), C minor (vi), and Ab major (IV), alongside chromatic borrowing like B major (bVI) resolving back to Eb major."
1476,G minor,"The chord progression is heavily dominated by G minor, which is sustained for over 45 seconds. The supporting chords—D major (the dominant V), Eb major (VI), and C minor (iv)—are all standard functional chords within the key of G minor, confirming it as the tonic."
1499,C major,"The chord progression prominently features the primary triads C major, F major, and G major, along with secondary triads A minor and D minor. This set of chords strongly establishes C major as the key."
1526,Bb minor,"The chord sequence is heavily centered around Bb minor, which has the longest cumulative duration and acts as the tonic. Other chords like C# major (Db), F# major (Gb), and Ab major function as the III, VI, and VII chords in Bb natural minor, while the Eb major chord suggests a Bb Dorian influence."
1529,C# minor,"The chord sequence is overwhelmingly dominated by the C#:min chord, which is played for over 51 seconds of the 60-second clip, establishing C# minor as the clear tonic key."
1530,B minor,"The chord sequence is dominated by a recurring loop of B:min, D:maj, and E:maj, which represents a i-III-IV progression in B Dorian (B minor). Although there is a brief transition involving A:maj and E:maj, the strong tonal center is B, making B minor the most appropriate key."
1531,Eb minor,The chord progression consists almost entirely of a continuous alternation between Eb minor and F# major (which is enharmonically Gb major). This i - bIII relationship strongly establishes Eb minor as the tonic key.
1534,E minor,"The chord progression prominently features E minor, C major, and B minor chords, which are diatonic to E natural minor (i, VI, and v respectively). The repetitive oscillation between E minor and C major strongly establishes E minor as the tonal center."
1535,C major,"The song is strongly centered around C, starting and ending with a clear C major and G major (I - V) harmonic framework. Although there is a middle section that modal-shifts into C minor (using Eb, D, and Bb chords), C major serves as the primary home key that frames the piece."
1536,E minor,"The chord progression is dominated by a repeated movement between C major and E minor, with E minor (and E minor 7) having a significantly longer duration (around 5 seconds) compared to C major (around 1.7 seconds). The appearance of a B7 chord near the end serves as the dominant (V7) of E minor, strongly confirming E minor as the tonic key."
1540,A major,"The song is anchored by a very strong and long-duration A major chord at the beginning and throughout the first half of the sequence. Although the song later transitions to a section with E minor, F major, and G major chords (typical of A minor or C major), the initial establishment and prominence of A major suggests it is the primary key."
1541,F# minor,"The song features a repeating progression of four minor chords: F#m, C#m, Em, and Bm. F#m is the most structurally prominent chord, initiating the sequence and beginning the track with an extended duration, which strongly establishes F# minor as the tonic."
1542,A minor,"The chord sequence is dominated by A minor, E minor, and F major chords, which establishes A minor as the clear tonal center. The progression frequently alternates between Am (i) and Em (v), interspersed with F major (VI) and G major (VII), which are standard chords in the key of A natural minor."
1546,A major,"The chord progression heavily features A major as the tonic, interspersed with E major as the dominant (V) and D major as the subdominant (IV). The brief appearance of B minor as the supertonic (ii) further confirms A major as the key."
1590,D major,"The chord sequence is dominated by D major, which has the longest duration by far (over 30 seconds total) and acts as the clear tonal center. The supporting chords—E major, G major, and B minor—fit well in this context, with E major acting as a secondary dominant (II) and G major as the subdominant (IV) resolving back to D."
1592,D major,"The song is heavily centered around the tonic of D, alternating between D major and D minor. D major has the longest total duration, including a strong 10.5-second section at the end, and is supported by its dominant A major chord."
1593,C# minor,"The song predominantly alternates between B major and C# minor, which represents a VII - i progression in C# minor. Additionally, the brief appearance of A major followed by B major and C# minor forms a classic VI - VII - i progression in the key of C# minor."
1595,B major,"The chord sequence consists almost entirely of a single B major chord sustained for nearly the entire 60 seconds, which strongly indicates that the song is in the key of B major."
1596,G major,"The song is predominantly in G major, as evidenced by the high overall duration of the G major chord. The supporting chords—D major, C major, and B minor—function as the V, IV, and iii chords respectively in the key of G major."
1599,E major,"The chord progression is heavily dominated by E major, which acts as the clear tonic. The occasional appearances of A major (the IV chord) and a brief D major (the bVII chord) support this tonal center, suggesting the key of E major."
1601,C# minor,"The chord sequence is heavily dominated by C# minor, which frequently alternates with A major (the VI chord). The appearance of Ab major (enharmonically G# major, the V chord) further reinforces C# minor as the tonal center."
1603,Eb major,"The song prominently features Eb major as a harmonic center, starting and ending on this chord, and frequently resolving to it from its dominant Bb major. The sequence also utilizes chromatic mediant relationships, modulating to B major and G major, which are major thirds away from Eb, before returning to the home key of Eb major."
1604,E minor,"The chord sequence is heavily dominated by E minor, which has the longest total duration throughout the track (nearly 37 seconds). The supporting chords like C major and G major fit naturally into the key of E minor as the VI and III diatonic chords, respectively."
1605,E minor,"The song is dominated by a repeating four-chord progression of C - G - D - Em (with E major occasionally substituted for E minor). This represents a standard VI - III - VII - i progression in E minor, indicating E as the tonal center."
1610,E major,"The song features a repeating progression of E major, G major, and D major, with E major consistently serving as the primary chord with the longest duration. This I - bIII - bVII progression strongly establishes E as the tonal center, giving the song an E major (or E mixolydian) feel."
1611,C major,"The chord sequence consists entirely of C major, F major, G major, and E minor, which are all diatonic to the key of C major (representing the I, IV, V, and iii chords respectively). The frequent resolution to C major and the overall harmonic profile strongly support C major as the tonic."
1612,E major,"The chord sequence consists almost entirely of an alternation between E major and A major chords. Since the sequence begins and ends with E major, which also has a longer total duration, it acts as the tonic (I) with A major serving as the subdominant (IV) in the key of E major."
1614,D major,"The song is heavily dominated by the D major chord, which constitutes over 88% of the tracked duration (53.1 seconds). The initial G major chord with D in the bass acts as a brief subdominant prefix resolving to the tonic, clearly establishing D major as the tonal center."
1615,C major,"The chord progression is heavily dominated by C major, which has the longest durations throughout the excerpt, including a 17-second block at the end. The presence of F major and G major chords representing the IV and V degrees further confirms C major as the tonic."
1616,A minor,"The chord sequence is heavily dominated by A minor, which is active for over 42 seconds of the 60-second clip. The brief appearances of C major and G major are consistent with the natural minor scale of A, confirming A minor as the primary key."
1617,A major,"The song is built around a repeating progression of D major, C# major (or C# minor), and A major. The A major chord has the longest duration in each cycle (around 3 seconds) and serves as the tonic home, with D major and C# minor acting as the IV and iii chords in A major."
1618,C major,"The chord progression is composed of C, F, G, and Em chords, which are the I, IV, V, and iii chords in the key of C major. The prominent use of C major as a resolution and its dominant-tonic relationships with G major strongly establish C major as the key."
1619,A major,"The first half of the song is dominated by a strong I-IV progression in A major (A:maj and D:maj). While the second half shifts towards the parallel minor key of A minor (with C:maj, E:min, and A:min chords), A major remains the primary and initiating key of the track."
1643,Eb major,"The song is overwhelmingly dominated by the Eb major chord, which constitutes the vast majority of the duration. The Ab major chord appears repeatedly, acting as a subdominant (IV) resolving back to the Eb major tonic."
1708,B major,"The second half of the song is dominated by B major, frequently returning to it from G major and D major (acting as borrowed bVI and bIII chords in a modal mixture). The song concludes with a V - IV - I (F# - E - B) progression, confirming B major as the tonic."
1727,D major,"The chord sequence is overwhelmingly dominated by the D major chord, which is played for over 46 seconds of the 60-second excerpt. Although there are brief excursions to F major and D minor, D major remains the clear tonic center throughout."
1841,Db major,"The song features a repeating four-chord progression of C# major, Eb minor, Ab major, and F# major. These chords correspond to the I, ii, V, and IV chords in the key of Db major (enharmonically C# major), establishing it as the clear tonal center."
1844,C major,"Despite the large amount of unidentified harmonic content labeled as 'N', the only detected chords are C major and G major. G major functions as the dominant (V) chord of C major (I), which strongly points to C major as the key."
1886,E major,"The chord progression consists entirely of E major, A major, and B major chords. These represent the tonic (I), subdominant (IV), and dominant (V) chords in the key of E major, pointing strongly to this key."
1887,C major,"The chord sequence consists entirely of C major, F major, and G major chords, which represent the classic I, IV, and V chords in C major. The strong and frequent resolution to C major clearly establishes it as the tonic."
1892,E minor,"The song is heavily centered around E minor, starting with a long 16-second E minor chord. The rest of the chord progression features chords that are highly diatonic to E minor, including D major, A minor, C major, and G major."
1893,D major,"The song's chord progression consistently cycles through D major, C major, and G major, with the D major chord occupying the longest duration and serving as the primary harmonic center. This structure represents a common I - bVII - IV progression in D major (using the Mixolydian mode)."
1894,C major,"The chord sequence consists of C major, A minor, F major, and G major, which form a highly common I - vi - IV - V progression in C major. All chords in the sequence, including a brief D minor, are diatonic to the key of C major."
1895,A minor,"The chord sequence is heavily dominated by A minor, which is held for over 50 seconds of the track. The other brief chords, such as E minor, G major, and D major, are all diatonic to the A natural minor or A Dorian scales, confirming A minor as the key."
1896,C# major,"The chord progression is heavily dominated by C# major, which acts as the tonic. The supporting chords—B major, F# major, and Eb minor (enharmonically D# minor)—fit perfectly as the bVII, IV, and ii chords in C# major."
1898,C minor,"The chord sequence is dominated almost entirely by a single C minor chord lasting for over 58 seconds, which strongly establishes C minor as the tonic key."
1899,E minor,"The song's chord progression is predominantly built on chords from the E natural minor scale, including E minor, A minor, C major, B minor, and G major. There is a temporary shift to A major following an E7 secondary dominant, but the surrounding context heavily favors E minor as the primary tonal center."
1900,D major,"The chord progression is dominated by A major and D major, with occasional G major and D7 chords. This represents a V - I relationship in the key of D major, supported by a clear Asus4 - A - D (V - I) cadence near the end."
1901,C major,"The chord sequence is heavily dominated by C major and C major 7 chords, which together make up the vast majority of the 60-second duration. The other chords present, E minor and G major, are diatonic to C major (serving as the iii and V chords), which strongly establishes C major as the tonic."
1913,D major,"The song features a highly repetitive chord sequence consisting of G:maj, D:maj, A:maj, and D:maj. This corresponds to a IV - I - V - I harmonic progression in the key of D major, which strongly establishes D as the tonic."
1914,C major,"The chord progression is dominated by alternating F major and C major chords, which act as the IV and I chords in C major. The introduction of D major (and D7) resolving to F major and then C major represents a common II-IV-I progression in rock and pop music, confirming C as the tonic."
1920,A minor,"The chord sequence consists entirely of chords native to the C major / A natural minor scale, with G major, C major, and A minor being the most prominent. The heavy emphasis on A minor, especially in the later section with transitions like E minor to A minor (v - i) and G major to A minor (VII - i), strongly suggests A minor as the tonic."
1923,G major,"The chord progression prominently features G:maj (I), C:maj (IV), A:min7 (ii), and D:7 (V), which are the primary diatonic chords in the key of G major. The repeated use of classic progressions like I - IV - ii - V and I - IV - V strongly confirms G major as the tonal center."
1940,G major,"The chord sequence is heavily dominated by G major, which is active for more than 47 seconds of the 60-second excerpt. The presence of E minor (the relative minor) and A major (a common secondary dominant) further establishes G major as the tonic."
1941,E major,"The chord sequence is dominated by an E major chord playing for 55.2 seconds, which strongly indicates that the song is in the key of E major."
1942,F major,"The song features a continuous oscillation between F# major (enharmonically Gb major) and F major. This bII to I progression is characteristic of the F Phrygian dominant scale, strongly implying F major as the tonic key with a Phrygian flavor."
1944,E major,"The song is dominated by an E major chord for the vast majority of its duration (45.2 seconds), with the rest being unclassified noise or silence ('N'). This strongly indicates that the song is in the key of E major."
2070,A major,"The chord sequence is heavily dominated by A major, which appears for over 35 seconds. The brief appearances of D major and E major represent the IV and V chords in the key of A major, establishing it clearly as the tonic."
2099,C# major,"The chord progression consists primarily of Ab major and C# major, with C# major being the most prominent chord, lasting for over 41 seconds. Since Ab major is the dominant (V) chord of C# major (I), this indicates a strong V-I relationship, establishing C# major as the home key."
2126,A major,"The chord sequence is heavily dominated by A major, which appears for extended durations (including a 26.1-second stretch) and frequently alternates with G major. This I - bVII progression is characteristic of the A Mixolydian mode, making A major the clear tonic."
2127,G major,"The chord sequence is heavily dominated by G major, which is played for the vast majority of the track's duration. The brief appearances of E minor, the relative minor of G major, further support G major as the primary tonal center."
3429,E minor,"Following an initial long D major chord, the sequence moves into a progression highly characteristic of E minor: E minor (i), F major (bII, Phrygian/Neapolitan chord), A minor (iv), C major (VI), and B major (V, the dominant)."
3465,A minor,"The chord progression is dominated by a repeating sequence of A minor, C major, and G major, with A minor acting as the tonal center due to its frequent appearance and long durations. The subsequent addition of F major fits perfectly within the diatonic key of A natural minor."
3542,C major,"The chord progression repeatedly cycles through C major, F major, and G major (a typical I-IV-V progression), establishing C major as the clear tonal center throughout the piece."
3545,G major,"The chord progression is heavily dominated by G major, which has the longest duration, accompanied by C major as the IV chord and brief appearances of E minor as the vi chord. This strongly establishes G major as the tonic."
3581,E minor,"The chord progression prominently features C major, D major, G major, and E minor, which are all diatonic to the key of E minor (VI, VII, III, and i). The recurring E major chord acts as a major tonic variation, commonly found in rock and pop songs that employ modal mixture between E minor and E major."
3612,B minor,"The song's chord progression is centered heavily around B, alternating between B (both major and minor) and A major, as well as E major and D major. The presence of G major, D major, E major (as a Dorian IV), and B minor suggests a tonal center of B with a strong minor/Dorian influence."
3619,E major,"The chord progression is dominated by a highly repetitive A major, B major, and E major cycle. This represents a classic IV - V - I progression in the key of E major, with the E major chord consistently receiving the longest duration and acting as the tonal center."
3694,E minor,"The chord sequence strongly points to E minor, supported by the prominent C - B - Em progression in the latter half, which is a classic VI - V - i cadence in E minor. The earlier portion features A major and C major resolving to E major and E minor, representing typical modal mixture and chromaticism around the E tonic."
3700,C# minor,"The chord sequence is heavily dominated by C# minor, which is present for over 40 seconds of the 60-second clip. Other chords in the sequence, such as F# minor, B major, and F# major, are standard diatonic or modal chords in the key of C# minor, confirming C# minor as the tonic."
3702,E major,"The chord sequence is overwhelmingly dominated by E major, which is held for over 40 seconds of the 60-second clip. Other chords present, such as B major (V) and C# minor (vi), are diatonic to the key of E major and reinforce it as the tonal center."
3741,D major,"The chord sequence is heavily dominated by D major, which has the longest durations throughout the track. The presence of G major (the IV chord) and A major (the V chord) establishes a strong functional harmonic context in the key of D major, with Bb major appearing briefly as a borrowed flat-VI chord from the parallel minor."
3853,D major,"The chord progression prominently features the primary triads of D major: D major (I), G major (IV), and A major (V). The frequent alternation between these chords, starting and ending on D major, strongly establishes D major as the tonal center."
3863,E minor,"The chord sequence is heavily dominated by E minor, which has the longest cumulative duration. This tonic is supported by its subdominant (A minor) and dominant (B minor) chords, with temporary modal mixture from A major (suggesting E Dorian) and a brief progression of E minor - A major - D major - G major towards the end."
3941,E major,"The song is centered around E major, prominently featuring the tonic (E) and dominant (B) chords. It includes multiple standard progressions in this key, such as the ii-V-I (F#m - B - E) and a secondary dominant V/V-V-I (F# - B - E), despite a brief excursion into the subdominant key of A major."
3956,B minor,"The chord progression is dominated by B minor and F# minor, with occasional appearances of A major. This matches a i - v - VII progression in B minor, where B minor has the longest duration and serves as the clear tonal center of the song."
4195,E major,"The song begins with a long, repeating sequence alternating between E major and B major, where E major has twice the duration of B major, strongly establishing E major as the tonic (I-V). In the final third, the progression shifts to a C - D - G progression (IV-V-I in G major), but E major is the dominant key for the majority of the sequence."
4198,Bb major,"The song is heavily dominated by the Bb major chord, which is active for nearly 50 seconds of the 60-second clip. The brief progression of C# major (Db), F# major (Gb), and F major represents a common bIII - bVI - V borrowing pattern that resolves back to the tonic Bb major."
4203,G major,"The chord progression primarily alternates between G major and E minor with brief passing chords of D major. These chords are the I, vi, and V chords in the key of G major, which is the most fitting harmonic center for this sequence."
4206,C major,"The song uses chords that are entirely diatonic to C major (A minor, E minor, C major, G major, and F major). The latter half of the sequence features a repeating G - F - C progression, which strongly establishes C major as the home key through a V - IV - I cadence."
4211,G major,"The chord progression repeatedly cycles through G:maj, E:min, D:maj, and C:maj. This is a classic I - vi - V - IV progression in G major, strongly establishing G as the tonic center."
4224,A minor,"The chord sequence prominently features A minor chords (including Amin, Amin7, and Amin/b3) alongside F major (VI) and E7 (V7), which are characteristic of the key of A minor."
4345,G major,"The chord sequence consists almost entirely of G major and C major, with G major occupying the vast majority of the duration (around 47 seconds). This represents a simple I-IV progression, establishing G major as the tonic."
4350,D major,"The chord progression is dominated by D major, G major, and A major, which function as the I, IV, and V chords in the key of D major, establishing it clearly as the tonic."
4400,A major,"The chord sequence is overwhelmingly dominated by the A major chord, which is sustained for nearly 50 seconds of the 60-second excerpt. This strongly establishes A as the tonic and major as the primary quality, with a brief shift to A minor at the very end representing a minor variation or modal mixture."
4401,E major,"The song features a continuous alternation between E major and A major chords. This pattern strongly indicates a I - IV progression in the key of E major, starting on the tonic E major chord after a brief intro."
4402,C major,"The chord progression revolves around a repeating chromatic pattern (G - F# - C# - C) where C major has the longest duration (around 4 seconds) and acts as the clear resolution. In the key of C major, this can be interpreted as a chromatic descent ending with a Neapolitan/tritone-substituted bII (C#) resolving to the tonic I (C)."
4403,E minor,"The chord sequence consists of a long period of unrecognized audio followed by E minor and E minor seventh chords. With E minor being the only established harmony in the excerpt, the key is clearly E minor."
4684,Bb major,"The chord progression is dominated by Bb major (21.0s) and C# major (11.5s). In the key of Bb major, C# major (enharmonically Db major) functions as a borrowed bIII chord, a very common modal mixture in rock and pop music."
4686,F# major,"The song is dominated almost entirely by the F# major chord, which plays for over 50 seconds of the 60-second clip, strongly indicating that the key is F# major."
4717,C major,"The chord sequence is overwhelmingly dominated by C major, which is active for over 50 seconds of the 60-second excerpt. The other chords present (D minor, G major, F major, and E minor) are all diatonic to C major, confirming it as the primary key."
4776,A major,"The chord sequence is heavily dominated by A major, which accounts for nearly half of the total duration of the track and acts as the clear tonal center. The recurring progression moves from A major to B major, C major, and back, which can be analyzed in A major as a I - II - bIII - II - I progression utilizing modal mixture (with the C major chord borrowed from the parallel minor key)."
4798,D major,"The chord sequence consists almost entirely of an alternation between D major and C major chords. This bVII to I relationship is highly characteristic of the D Mixolydian mode, making D major the clear tonic of the piece."
4856,C major,"The chord sequence contains only 'N' for the entire 60 seconds, indicating that the chord recognizer could not identify any harmonic content. In the absence of any musical data, C major is selected as a default key."
4858,C major,"The chord sequence consists entirely of 'N' for the full 60 seconds, indicating no recognizable chords were detected. Since there is no harmonic information available to analyze, C major is selected as a default key."
4886,A major,"The chord sequence consists primarily of A major and its dominant, E major (and E7). This clear I - V relationship strongly establishes A major as the tonal center."
4926,C major,"Since the entire sequence consists of 'N' for 60.0s, no harmonic content is available. In the absence of any recognizable chords, C major is selected as a default fallback key."
4928,C major,"Since the chord recognizer was unable to identify any chords and returned 'N' for the entire duration of the audio, there is no harmonic information available to determine the key. Consequently, C major has been chosen as a standard default placeholder."
4929,C major,"Since the chord sequence contains only 'N' for the entire duration, no harmonic data is available. C major is selected as a default placeholder key in the absence of any recognizable chords."
4971,C major,"The chord sequence consists entirely of 'N' for the full 60 seconds, meaning no chords could be identified. Due to the complete lack of harmonic information, C major is selected as a default key."
4989,C major,"Since the entire chord sequence consists of undetected chords ('N' for 60 seconds), there is no harmonic information available to determine the key. In the absence of any musical data, C major is selected as a default key."
4994,E minor,"The chord sequence consists mostly of noise, but concludes with D major and E minor. Since E minor is held for a much longer duration (7.3 seconds) than D major (3.1 seconds), it is likely the tonic, with D major acting as the bVII chord in E minor."
5007,C# minor,"The chord progression is centered around C# (occurring for the longest durations), with supporting chords of A (VI), F# (IV), Ab/G# (V), and B (VII). This movement, particularly the VI - VII - I transition and the use of the dominant G# (Ab), strongly defines the key of C# minor."
5012,C major,"The chord sequence consists entirely of 'N' for the full 60 seconds, meaning no harmonic information could be recognized. In the absence of any musical data, C major is selected as a standard default key."
5021,A major,"The detected chords include E7, A major, and D major. E7 acts as the dominant (V7) resolving to the tonic A major (I), while D major functions as the subdominant (IV), pointing clearly to the key of A major."
5023,C major,"Since the chord recognition output consists entirely of unidentified chords ('N' for the full 60.0 seconds), there is no harmonic information available to determine the key. Consequently, C major is chosen as a default key in the absence of any musical data."
5045,D minor,"The chord progression heavily features Bb major, D major/minor, and A major. The alternating Bb major and A major chords represent a classic bVI - V progression in D minor, which resolves to D minor (i) and occasionally D major (I, as a Picardy third or parallel major)."
5049,A major,"The song is dominated by alternating A major and D major chords, which function as the I and IV chords in A major. This key is further supported by the presence of B minor (ii) and C# minor (iii) chords, as well as an F# major chord that acts as a secondary dominant (V/ii) resolving to B minor."
5050,Bb major,"The song predominantly features the chords Eb major, Bb major, F major, G minor, and C minor, which are all diatonic to the key of Bb major (IV, I, V, vi, and ii respectively). The recurring progression Eb - Bb - F - Gm is a classic IV - I - V - vi sequence that strongly establishes Bb major as the tonal center."
5051,Ab major,"The chord progression consists entirely of an alternation between Ab major and C# major (enharmonically Db major). Because Ab major is the first chord played and has the longest total duration, it acts as the tonic, making C# major the subdominant (IV) chord in the key of Ab major."
5052,C major,"The chord progression is composed entirely of chords native to the C major scale: C major (I), F major (IV), G major (V), and A minor (vi). The frequent alternation between F major and C major, along with the vi - V - I cadences (A minor - G major - C major) at the end, strongly establishes C major as the tonic key."
5054,F major,The chord progression prominently features an alternating pattern of F major and C major (functioning as the I and V chords in F major) followed by a longer Bb major chord (the IV chord). This strong functional relationship in the key of F major makes it the most likely key.
5055,F major,"The chord sequence consists entirely of chords native to the key of F major, specifically F major (I), C major (V), Bb major (IV), and D minor (vi). The strong alternation between F major and C major at the beginning and end of the track firmly establishes F as the tonic."
5056,C major,"Since the entire audio segment contains no detectable chords ('N' for 60 seconds), there is no harmonic information to determine the key. C major is selected as a default placeholder key due to the complete lack of musical features."
5058,Ab minor,"The chord progression is heavily dominated by Ab minor, which is sustained for over half of the track's duration. The supporting chords of C# major (Db major) and F# major (Gb major) act as the IV and bVII chords in Ab Dorian, confirming Ab minor as the key."
5059,C major,"The chord progression prominently features a repeated C major - D minor - G major progression, which corresponds to a I - ii - V cadence in the key of C major. All other chords in the sequence, including F major and A minor, fit perfectly within the diatonic scale of C major."
5060,D major,"The chord progression is dominated by alternating D major and G major chords, representing a classic I-IV progression in the key of D major. While there are some borrowed chords from the parallel minor (such as C major and F major), the strong emphasis and long final duration on D major confirm it as the tonic."
5061,B major,"The song revolves around B as the tonal center, alternating between E major (often in second inversion as E/B) and B major, with occasional shifts to B minor. The strong resolution to a prolonged B major chord at the end confirms B major as the key."
5064,D major,"The chord sequence consists almost entirely of a single sustained D major chord for the entire duration of the clip, which strongly establishes D major as the tonal center."
5078,D major,"The song is dominated by the D major chord, which has the longest cumulative duration. Additionally, the repeating progression of E minor to A major functions as a ii-V progression in D major, resolving back to the tonic D major."
5095,C major,"The chord progression prominently features C major, G major, A minor, and F major. This is a classic I - V - vi - IV progression in C major, with C major receiving the most durational weight and acting as the clear tonal center."
5153,A major,"The song repeatedly cycles through D major, A major, and E major chords. These chords correspond to the IV, I, and V relations in the key of A major, which accommodates all three chords diatonically."
5178,E major,"The chord progression is dominated by E major, A major, and B major, which function as the I, IV, and V chords in the key of E major. E major is the most frequent chord and has the longest duration, establishing it strongly as the tonic."
5179,D major,"The chord sequence consists entirely of D major, A major, and G major chords, which correspond to the I, V, and IV chords in the key of D major. D major has the longest duration and serves as the clear tonic center throughout the progression."
5181,E major,"The song is in the key of E major, as evidenced by the high frequency and duration of E major (I), A major (IV), and B major (V) chords, which strongly establish the key."
5192,E major,"The chord progression is heavily centered around E major, which is the most frequent and longest-lasting chord. The other chords present, A major (IV) and F# minor (ii), are diatonic to the key of E major, confirming it as the tonic."
5195,G major,"The chord progression strongly revolves around G major, C major, and D major, which serve as the tonic (I), subdominant (IV), and dominant (V) chords in G major. Additionally, the recurring A major chord acts as a secondary dominant (V/V) that resolves to D major, further confirming G major as the home key."
5240,Eb major,"The chord progression is composed entirely of Eb major, Bb major, and Ab major. These represent the I, V, and IV chords in the key of Eb major, which strongly establishes Eb major as the tonic."
5376,E minor,"The chord progression is heavily dominated by E minor, which has by far the longest duration in the sequence. The supporting chords, including A minor (iv), D major (VII), and G major (III), are all diatonic to E natural minor, confirming it as the home key."
5562,A major,"The chord sequence heavily features A major, D major, and G major, implying an A Mixolydian/major tonality (with G acting as the flat-VII chord). This is further supported by the I-IV-vi-IV progression (A - D - F#min - D) and the dominant E major and B major chords towards the end."
5566,A major,"The chord progression features major chords with roots that fit well within the key of A major, including the tonic A, the subdominant D, and the dominant E. The presence of G major and C# major suggests common modal mixture and secondary dominant chords (bVII and III respectively), with A major having the longest individual duration and concluding the sequence after a G major chord, forming a bVII - I cadence."
5601,G major,"The chord progression is a variation of the common diatonic descending sequence in G major (I - V - vi - iii - IV - I - ii - V), featuring prominent G major, E minor, C major, A minor, and D major chords. The G major chord consistently serves as the tonal center and point of resolution throughout the track."
5619,G major,"The chord progression is centered around G major, starting with repeated alternations between G major (I) and C major (IV). It also features a B major (III) to E minor (vi) secondary dominant progression, followed by A minor (ii) and D major (V), which strongly establishes G major as the tonic."
5990,C major,"The chord sequence is overwhelmingly dominated by C major, which accounts for the vast majority of the song's duration. The brief appearances of A minor (vi) and F major (IV) are also diatonic to C major, confirming it as the key."
6460,B minor,"The chord progression is dominated by B minor, A major, and E major, with B minor being the most emphasized chord in terms of duration and position at the start of the loops. This represents a classic i - VII - IV progression in B Dorian, which points to B minor as the key."
6603,G minor,"The only chord detected in the sequence is G minor, which lasts for 9.2 seconds. With no other harmonic information available, G minor is the most reasonable estimate for the key of the song."
6607,Ab minor,"The song features a highly repetitive alternation between Ab minor and F# major chords. This i - bVII progression is characteristic of the natural minor (Aeolian) scale, establishing Ab minor as the tonal center."
6669,C major,"The chord sequence consists almost entirely of a single C major chord sustained for 60 seconds, which strongly establishes C major as the tonal center."
6670,E minor,"The chord sequence consists of a repeating four-chord loop: E:maj, A:maj, G:maj, and C:maj. E functions as the tonic center, with G and C serving as the bIII and bVI diatonic chords of E minor, while the E and A major chords introduce a common rock-oriented modal mixture (major I and Dorian IV)."
7011,E major,"The chord sequence consists almost entirely of an E major chord after a period of unidentifiable harmony. With E major being the only chord present, it indicates the key is E major."
7012,E minor,"The sequence is dominated by E minor chords (including various inversions like E:min/b7 and E:min/b3) which anchor the progression. The other chords present, such as A minor, G major, D major, and C major, are all diatonic to the key of E minor, confirming it as the tonic."
7014,G major,"The chord progression is heavily dominated by G major, which is sustained for over 52 seconds of the 60-second clip. The supporting chords (D major, B minor, and C major) are all diatonic to G major, acting as the V, iii, and IV chords respectively."
7015,C major,"The song is overwhelmingly dominated by the C major chord, which makes up the vast majority of the duration. The supporting chords, including D minor (ii), G major (V), and F major (IV), resolve back to C major, confirming it as the tonic."
7179,C major,"The chord sequence contains no identifiable chord labels, consisting entirely of 'N' for the 60-second duration. Since no harmonic information is available to analyze, C major is selected as a default key."
7202,G major,"The chord sequence is dominated by a single G major chord sustained for 48 seconds, indicating that G is the tonic center and the key is G major."
7390,C major,"Since the entire chord sequence consists of 'N' (no chord detected) for its entire duration, there is no harmonic information available to determine the key. In the absence of any musical data, C major is selected as a default placeholder."
7391,D major,"The chord progression strongly revolves around D major, which has by far the longest duration. The other chords in the sequence—G major, E minor, and A7—perfectly map to the IV, ii, and V7 chords in the key of D major, confirming this tonal center."
7456,B major,"The song revolves around B as its tonal center, with B major being the most prominent and longest-held chord. The progression features a plagal cascade of rising fourths (G - D - A - E) that resolves to B major, which is characteristic of rock songs in a major key using borrowed chords from the parallel minor."
7477,A major,"The song is heavily dominated by A major, which has the longest total duration. The frequent progression of A major to G major to D major represents a classic I - bVII - IV (double plagal) progression in A major, which is very common in rock and pop music."
7481,Eb minor,"The chord progression heavily alternates between Eb minor (including Eb minor 7) and B major (enharmonically Cb major, the VI chord in Eb minor). This repetitive i - VI progression, with Eb minor consistently serving as the harmonic anchor, strongly indicates the key of Eb minor."
7482,C# major,"The song is heavily dominated by the C#7 chord, which acts as the tonic in a blues or funk-influenced context. The brief shift to C#min7 at the end suggests a modal mixture, but the overall harmonic center remains firmly in C# major."
7484,C minor,"The chord sequence is dominated almost entirely by a single C:min7 chord playing for over 57 seconds, which strongly establishes C minor as the key of the song."
7487,Bb major,"The chord sequence is overwhelmingly dominated by the Bb major chord, which is played for over 43 seconds. The transition to Eb major at the end functions as a I-IV progression, confirming Bb as the tonic."
7488,F minor,"The chord progression prominently features a repeating i - bVII - bVI loop (F minor, Eb major, and C# major) which is highly characteristic of the F natural minor scale. F minor is also the most frequently occurring chord with the longest overall duration, establishing it clearly as the tonic."
7489,Eb minor,"The chord sequence consists primarily of Eb minor (i) and F# major (enharmonically Gb major, the III chord), with occasional appearances of Bb major, which acts as the dominant V chord in the key of Eb minor."
7490,F minor,"Despite the sparse chord data, the detected chords are F minor and C# dominant 7th (Db7). In the key of F minor, F minor acts as the tonic (i) and Db7 represents the submediant (bVI) chord, a very common harmonic relationship in this key."
7492,F major,"The chord progression consists almost entirely of alternating F major and Bb major chords. F major is heavily emphasized with much longer durations, indicating it acts as the tonic chord, while Bb major functions as the subdominant (IV) in the key of F major."
7528,A minor,"The chord sequence is dominated by a very long duration of A minor (nearly 22 seconds), which acts as the tonic. The surrounding chords like F major, C major, G major, and E minor are all highly diatonic to the key of A natural minor, supporting this tonal center."
7529,G major,"The song is centered around G major as the tonic, which appears frequently throughout. The harmonic progression uses several classic idioms in G major, such as the minor plagal cadence (C major - C minor - G major) and a secondary dominant progression (B major/D# to E minor, followed by G7 to C major)."
7713,Bb major,"The chord progression is dominated by Bb major, which has the longest duration throughout the track. The other recurring chords are C minor and F major, which function as the ii and V chords in Bb major, forming a standard ii-V-I harmonic progression."
7827,C# major,"The chord progression strongly revolves around C# major as the tonic, with frequent resolutions to it. The sequence features progressions like Bb:min - Ab:maj - C#:maj (vi - V - I in C# major) and F:maj - F#:maj - C#:maj, where F major acts as a chromatic major mediant (III) resolving to the IV (F#) and then to the tonic (I)."
7893,C major,"The chord progression is dominated by C major, which serves as the tonic chord. It frequently resolves through standard I-IV-V (C-F-G) progressions and a common I-V/vi-vi-IV-V (C-E-Am-F-G) turnaround, which strongly establishes C major as the tonal center."
7896,A major,"The song predominantly features A major and F# minor chords, with a recurring B major - E major - A major - F# minor progression. This sequence functions as a II - V - I - vi turnaround in A major, with the E major (V) resolving strongly to A major (I), establishing A major as the tonal center."
7898,A minor,"The chord progression consists almost entirely of C major and A minor chords. Since A minor chords are held for the longest cumulative duration (over 36 seconds out of 60), the song is most likely in the key of A minor."
7901,A major,"The chord progression prominently features A major, D major, E major, and F# minor chords. Sequences such as D - E - A and F#m - D - E - A represent classic IV - V - I and vi - IV - V - I cadences in A major. The Ab:min (G# minor) chord is likely a slight misidentification of E/G# or C# minor, both of which are diatonic to A major."
7934,G minor,"The chord progression is dominated by G minor as the tonic chord, which regularly resolves from Eb major (VI) and D major/D7 (V) chords, forming a standard i - VI - V - i minor progression."
7995,E major,"The song primarily alternates between E major and A major chords, often with an E in the bass (A:maj/5), suggesting a I - IV progression over a tonic pedal in E major. This is supported by the song starting and ending on strong E major chords."
8017,E major,"The song is centered around E major, which has the longest durations and serves as the primary resolving chord. The repeating progression E - A - G - D - E represents a classic rock I - IV - bIII - bVII - I pattern in the key of E major."
8283,A minor,The chord sequence is heavily dominated by A minor chords (both in root position and in second inversion as A:min/5) which make up the vast majority of the duration. The appearance of E major (the dominant V) and other diatonic chords like G major and E minor strongly supports A minor as the key.
8910,Eb minor,"The chord sequence is heavily dominated by Eb minor, which acts as the tonic. It features a clear i - iv - v progression (Eb:min to Ab:min to Bb:min), which is characteristic of the Eb natural minor scale."
8913,Eb minor,"The chord sequence is dominated by Eb minor, which has the longest durations of 9.0s and 11.0s. The surrounding chords like F# major (III), B major (VI), Bb major (V), and Bb minor (v) fit perfectly within the key of Eb minor, acting as standard diatonic and dominant chords."
8914,E major,"The song is centered around E:7 as the tonic chord, which is heavily emphasized throughout the sequence. The presence of B:7 as the dominant V chord confirms the key, while the brief G:7 chords function as chromatic passing chords typical of a blues-influenced progression in E major."
8915,Ab major,"The chord sequence consists almost entirely of unrecognized chords, with the only identified chord being Ab major. Based on this limited harmonic information, Ab major is the most likely key."
9485,C major,"The song is dominated by a repeating C - G - F - C chord progression, representing a I - V - IV progression. C major acts as the tonic, receiving twice the duration of the G and F major chords, which strongly establishes C major as the key."
9486,A major,"The chord sequence is composed entirely of A major, D major, and E major chords, which function as the I, IV, and V chords in the key of A major. The heavy emphasis and long durations on the A major chord, alongside standard cadential movements (like E to A), clearly establish A major as the tonic."
9487,C major,"The song features a repeating progression of F major, E minor, C major, and G major. All of these chords are completely diatonic to C major, representing a IV - iii - I - V progression, which strongly establishes C major as the key."
9488,E major,"The song is dominated almost entirely by the E major chord, which is played for over 56 seconds of the 60-second duration. Since E major is the only chord identified, it is clearly the tonic key."
9489,A major,"The chord sequence consists primarily of alternating A major and D major chords, representing a I - IV progression in A major. The presence of a D minor chord resolving to A major acts as a minor plagal cadence (iv - I), which strongly establishes A major as the tonic."
9491,C major,"The chord sequence is heavily dominated by C major, which occupies over 42 seconds of the 60-second clip. There is a brief excursion into C minor and its relative Eb major in the middle, but the song begins and ends with long, stable sections of C major, establishing it as the primary key."
9494,B minor,"The chord progression is dominated by an alternation between B minor (B:min, B:min7) and its dominant F# major/7 (F#:maj, F#:7), establishing a strong tonic-dominant relationship. Other chords like G major (VI) and A7 (VII) also fit naturally within the key of B minor."
9510,C minor,"The song opens with a very stable and prolonged i - V7 - i progression in C minor (C:min and G:7), which takes up almost half of the 60-second snippet. It then modulates to the relative major, Eb major, through a series of F:maj - Bb:maj - Eb:maj progressions, but the initial tonal center is strongly established in C minor."
9581,Bb major,"The chord sequence is heavily dominated by Bb major and Eb major, which act as the I and IV chords in the key of Bb major. This tonal center is further supported by a brief C:min to F:maj progression, representing a standard ii-V cadence in Bb major. Although there is a temporary shift to G major, Bb major is the primary key of the song."
9583,Eb major,"The chord progression is highly chromatic but centered around Eb, with Eb:7 appearing frequently as a bluesy tonic chord. This is supported by the presence of Ab:maj (IV) and Bb:7 (V7), as well as B:7 (acting as the enharmonic bVI7 chord, Cb7), which are all characteristic of a jazz or blues progression in Eb major."
9587,B minor,"The song features a repeating loop of B:min - A:maj - G:maj - A:maj. This sequence represents a classic i - VII - VI - VII chord progression in B natural minor, strongly establishing B minor as the key."
9655,D major,"The song predominantly features G major, D major, and A major chords, which correspond to the IV, I, and V chords in D major, resolving frequently from A to D. The subsequent section alternating between C major and D major functions as a bVII - I progression, which is a common modal mixture in the key of D major."
9659,C major,"Thechord seque nce is hea vilydo minated byC majo r andF majo r chords,wit h occasi onal ap pearence s of Gmajor.Th ese fun ctiona s theI , I V, and V ch ordsin the keyof C m ajo r,wh ich ha s thelon gest cu mulati vedur atio n andacts asthe cleartoni c."
9662,Ab major,"The chord progression is dominated by Ab major, C# major (enharmonically Db major), and Bb minor chords. These correspond to the tonic (I), subdominant (IV), and supertonic (ii) chords in the key of Ab major, which strongly establishes Ab major as the tonal center."
9663,Eb major,"The chord progression is dominated by Eb major, which acts as the tonic (I) for about 45 seconds of the song's duration. The presence of Bb major as the dominant (V) and brief passes to Ab major as the subdominant (IV) strongly establish Eb major as the home key."
9664,Bb major,"The chord sequence consists almost entirely of a Bb major chord playing for over 57 seconds, which strongly indicates that the song is in the key of Bb major."
9665,C major,"The chord sequence consists entirely of C major, F major, and D minor chords, which function as the I, IV, and ii chords in the key of C major. The continuous alternation between C major and both F major and D minor strongly establishes C as the tonic."
9666,G major,"The song begins with a short progression in A minor (Am - Em - Dm), but the vast majority of the track is dominated by a repeating F - C - G progression. In this loop, G major is held for twice the duration of the other chords, acting as the tonic resolved via a common bVII - IV - I double plagal cadence."
9695,A minor,"The chord progression prominently features A minor (i), F major (VI), and E major (V). The alternating i - VI progression and the use of E major as a strong dominant V chord point clearly to the key of A minor."
9699,C major,"The only chord detected in the sequence is C major, which makes C major the most reasonable and likely key for this song."
9866,B major,"The chord sequence is highly ambiguous as it consists almost entirely of unrecognized segments ('N'). Among the very few detected chords, B major has the longest duration, making it the most reasonable guess for the key of the song."
9867,Bb major,"The chord Bb:maj is by far the most prominent chord in the sequence, occupying over half of the total duration and serving as the clear harmonic center. The alternating transitions to B:maj and C#:maj suggest a Phrygian dominant or highly chromatic context centered around Bb."
9904,Eb major,"The song transitions between a tonicized ii chord (F minor) with its dominant (C7) in the first half, and a strong, repeating ii-V-I-IV progression (Fm7 - Bb7 - Eb - Ab) in the second half, which firmly establishes Eb major as the home key."
9905,F major,"The chord progression is dominated by F major, which has by far the longest durations, including two sections of approximately 15 seconds. Bb major acts as the IV chord in relation to F major, confirming F as the tonic."
9906,Bb major,"The chord sequence consists almost entirely of Bb major, Eb major, and F major (or F7) chords. These function as the I, IV, and V chords in the key of Bb major, with Bb major being the most prominent and stable tonic chord."
9907,Eb major,"The chord sequence consists almost entirely of Eb major, Bb major, and Ab major. These represent the I, V, and IV chords in the key of Eb major, with Eb major acting as the stable tonic center."
9913,Eb major,"The chord sequence heavily features the classic jazz turnaround progression Eb - C7 - F7 - Bb7, which corresponds to I - VI7 - II7 - V7 in the key of Eb major. This progression, along with the subsequent ii-V-I patterns (such as Cmin7 - F7 - Bb7 - Eb), strongly establishes Eb major as the home key."
9916,F# major,"The song features a strong presence of the F# major chord, which has the longest duration in the sequence (totaling over 13 seconds, plus a 2.4-second F#7 chord). Despite the highly chromatic and non-functional nature of the surrounding chords, F# major acts as the clear harmonic center of gravity."
9985,G major,"The chord sequence is dominated by a persistent alternation between G major and F major chords, which is characteristic of a G Mixolydian or G major key with a flat-VII (F) borrowing. The brief appearances of C major (IV) and Bb major (bIII) further support G as the tonic center in a classic rock-style harmonic context."
9986,B minor,"The song exhibits a half-step modulation between two sections: one in Bb minor and a longer one in B minor. In the B minor section, the progression revolves around B (I), D (III), and F# (V) chords, with B major (acting as the tonic) having the longest duration. The Bb minor section follows a parallel progression transposed down a semitone."
9987,B minor,"The chord progression heavily features B minor, A major, G major, and E minor, which are all diatonic to the key of B minor (i, VII, VI, and iv). B minor also has the longest cumulative duration in the sequence, strongly establishing it as the tonal center."
9988,E major,"The song is centered around E major, beginning and ending with a clear alternation between E major (I) and A major (IV). The middle section transitions to B major (V) and uses G major (bIII) and A major (IV) in a common modal mixture progression, cementing E as the tonic."
9989,G major,"The song is centered around G major, as evidenced by the prominence of G:maj and G:maj/3 chords. The progression Bb:maj -> C:maj -> G:maj represents a common bIII - IV - I modal mixture cadence in G major, while the repeating A:maj -> C:maj -> D:maj section likely represents a temporary whole-step transposition (I - bIII - IV in A) before returning to the home key of G major."
9990,E minor,"The song prominently features a repeating E minor - D major - C major progression, which represents a i - VII - VI progression in E natural minor. The strong emphasis on the E minor chord and the overall harmonic landscape strongly indicate E minor as the key."
9999,B major,"The song transitions from an initial sequence in B minor to a dominant, repeating progression of B major, D major, and E major. This represents a classic I - bIII - IV rock progression, heavily centering B major as the tonic with modal mixture."
10000,F major,"The song is dominated by the F major chord, which is sustained for the vast majority of the track's duration. The short transitions to F# major and Ab major consistently resolve back to F major, establishing it clearly as the tonic."
10001,B major,"The song is heavily centered around the B major chord, which has the longest duration and acts as the harmonic home. The latter section features a repeating B - G - A - E progression, which represents a common rock-oriented modal mixture (I - bVI - bVII - IV) in the key of B major."
10002,F major,"The song is dominated by a recurring chord progression consisting of Ab major, Bb major, and F major, which represents a bIII - IV - I double plagal cadence in the key of F major. Although there is a brief section of D major and B major at the beginning, F major is the most prominent and stable tonal center throughout the majority of the track."
10003,G minor,"The song is centered around G, with the main sections vamping on G (transcribed as G:maj) and A:maj with Bb:maj, which strongly points to G minor (likely utilizing power chords that the model transcribed as major). The middle section features a temporary shift to Bb major (Bb - Ab - Gb), but the return to the G-A loop establishes G minor as the primary key."
10060,E major,"The song features a repeating progression of E:maj, A:maj, and Eb:maj. This most likely represents a standard I - IV - V progression in the key of E major, where the V chord (B major) is misidentified as Eb major (enharmonically D# major), possibly due to the chord being played in first inversion (B/D#)."
10109,F minor,"The chord sequence consists almost entirely of F minor, Db major (spelled as C# major), and Ab major. This represents a i - VI - III progression in the key of F minor, which is the clear tonal center of the excerpt."
10190,D major,"The chord sequence is highly sparse, featuring only D major and A major chords. These chords represent the tonic (I) and dominant (V) in the key of D major, which is a very common harmonic relationship."
10194,B minor,"The song is dominated by alternating B minor and C# minor chords, with G major, D major, and B major also appearing. This structure strongly suggests B minor, where B minor acts as the tonic, D major as the mediant (III), G major as the submediant (VI), and B major as the parallel major tonic, while C# minor likely functions as a Dorian ii chord or a misidentified ii° diminished chord."
10381,A minor,"The chord sequence consists almost entirely of an A minor chord playing for over 56 seconds after a brief noise intro, making A minor the clear tonic and establishing the key."
10382,Eb minor,"The chord sequence is dominated by an Eb minor chord playing for 45.3 seconds after an initial 14.7 seconds of unidentifiable sound, strongly indicating that the key of the song is Eb minor."
10383,B minor,"The song is dominated by B minor and F# minor chords, with E major appearing frequently as well. This setup points strongly to B minor (specifically B Dorian), where B minor acts as the tonic (i), E major acts as the IV chord, and F# minor acts as the minor v chord."
10388,C major,"The chord progression repeatedly cycles through C:maj, G:maj, A:min, and F:maj, which represents the classic I - V - vi - IV progression in the key of C major."
10408,A major,"The chord progression consists entirely of alternating A major and G major chords, which represents a classic I - bVII progression in A Mixolydian. Since A major functions as the home chord and has the longest duration in the sequence, the key is A major."
10412,A minor,"The chord sequence heavily features A minor as the tonic, supported by its dominant E major and subdominant D minor. The progression also contains a standard turnaround in A minor: C major (III), B major (V/V), and E major (V)."
10415,Db major,"The chord progression prominently features C# major (I), F# major (IV), and Ab major (V), which strongly establishes the key of Db major. There is also a brief occurrence of C# minor at the beginning, representing a parallel minor intro before settling into the major key."
10433,C major,"The chord progression is heavily dominated by the C major chord, which has the longest duration by far, accompanied by F major and G major. This represents a classic I-IV-V progression in the key of C major."
10438,A major,"The chord progression is heavily dominated by the A major chord, which appears for the majority of the active harmonic segments. The E major chord acts as a brief dominant (V) chord, strongly pointing to A major as the tonic."
10439,D major,"The chord progression consists entirely of alternating D major and A major chords. This represents a simple and highly repetitive I - V progression in the key of D major, with D major acting as the tonic."
10440,G major,"The song is heavily dominated by the G major chord, which has by far the longest cumulative duration. The presence of G minor, C major, and Bb major chords suggests a blues-based or modal mixture harmonic structure, all revolving around G as the tonic."
10441,B minor,"The chord sequence is heavily dominated by B minor, which is held for over 30 seconds. Other supporting chords like D major and A major fit well within the key of B minor, establishing it as the clear tonal center."
10442,Bb minor,"The chord sequence consists almost entirely of a single Bb minor chord sustained for over 55 seconds, making Bb minor the clear and unambiguous key of the song."
10443,C minor,"The song is dominated by a long initial C minor chord, which strongly establishes C as the tonic. This is followed by characteristic cadential movements in C minor, such as G major (the major V chord) resolving to C minor, along with other diatonic chords like Ab major (VI) and Eb major (III)."
